<step title="Incoming Request" date="2022-10-13T16:51:46.535" instance="96a2d5" url="/api/zipdeploy?isAsync=true&amp;trackDeploymentProgress=true" method="POST" type="request" pid="77,1,26" Cache-Control="no-cache" Content-Type="application/octet-stream" Accept="*/*" Accept-Encoding="gzip, deflate" Authorization="Bas..." Host="lueckentext.scm.azurewebsites.net" User-Agent="AZURECLI/2.40.0 (MSI)" Content-Length="2442385" x-ms-client-request-id="486988cf-4b17-11ed-aff2-9061ae2652d1" X-ARR-LOG-ID="e9d6a0e8-dd34-409a-a792-2823ac943ff2" CLIENT-IP="188.22.57.144:54464" X-Client-IP="188.22.57.144" X-SITE-DEPLOYMENT-ID="lueckentext" WAS-DEFAULT-HOSTNAME="lueckentext.scm.azurewebsites.net" X-Forwarded-Proto="https" X-AppService-Proto="https" X-Forwarded-TlsVersion="1.2" X-WAWS-Unencoded-URL="/api/zipdeploy?isAsync=true&amp;trackDeploymentProgress=true" X-Client-Port="54464" >
  <step title="Cleanup Xml Logs" date="2022-10-13T16:51:46.539" /><!-- duration: 5ms -->
  <step title="ZipPushDeploy" date="2022-10-13T16:51:46.585" >
    <step title="ZipDeploy. Extract zip. Remote build." date="2022-10-13T16:51:46.588" /><!-- duration: 4ms -->
    <step title="None repository commit" date="2022-10-13T16:51:46.600" >
      <step title="Commit id: 74dd8bc6-220d-401a-997f-08aea9522e91" date="2022-10-13T16:51:46.605" Message="N/A" AuthorName="N/A" AuthorEmail="N/A" /><!-- duration: 4ms -->
    </step><!-- duration: 15ms -->
    <step title="Removing previous build artifact&apos;s manifest file" date="2022-10-13T16:51:46.621" >
      <step title="Writing artifact to /tmp/zipdeploy/469471ce-1fd4-4b85-a70b-84991edf7b22.zip" date="2022-10-13T16:51:46.632" /><!-- duration: 2516ms -->
      <step title="Start deployment in the background" date="2022-10-13T16:51:49.163" >
        <step title="Acquiring Deployment Lock" date="2022-10-13T16:51:49.176" /><!-- duration: 3ms -->
        <step title="Acquired Deployment Lock" date="2022-10-13T16:51:49.262" /><!-- duration: 5ms -->
      </step><!-- duration: 177ms -->
    </step><!-- duration: 2724ms -->
    <step title="Outgoing response" date="2022-10-13T16:51:49.359" type="response" statusCode="202" statusText="Accepted" /><!-- duration: 3ms -->
  </step><!-- duration: 2780ms -->
