<step title="Incoming Request" date="2022-10-13T16:57:39.598" instance="96a2d5" url="/api/logstreamV2/?max=50&amp;nextToken=eyJGaWxlSWQiOjYzODAxMjc2ODQzMzkxNzI5OCwiUG9zaXRpb24iOjU2NjF9&amp;api-version=2016-09-01" method="GET" type="request" pid="77,1,29" Accept-Encoding="gzip, deflate" Accept-Language="en" Authorization="PoP..." Cookie="ARRAffinity=96a2d51f904efa7c927688614d3012fe9385088e413ae5e2dc360b9b5561fe4f" Host="lueckentext.scm.azurewebsites.net" Referer="https://management.azure.com/subscriptions/3fc45b6d-8783-44dd-9e80-f4d87d1a1699/resourceGroups/martin.kuegler_rg_1529/providers/Microsoft.Web/sites/lueckentext/instances/96a2d51f904efa7c927688614d3012fe9385088e413ae5e2dc360b9b5561fe4f/logs/live?max=50&amp;nextToken=eyJGaWxlSWQiOjYzODAxMjc2ODQzMzkxNzI5OCwiUG9zaXRpb24iOjU2NjF9&amp;api-version=2016-09-01" traceparent="00-04e2e89833ef8729b54b6a6d15630a62-77c877695a22838f-01" x-ms-command-name="WebsitesExtension.getLiveLogs" x-ms-client-session-id="4433ba000e934df09356dcdebe1a9308" x-ms-client-request-id="d45368f5-01e6-48c6-b3f3-053e76c14053" x-ms-client-location="germanywestcentral" x-ms-arm-service-request-id="d9bae934-bf92-4b69-9179-0d94708015e0" x-ms-activity-vector="IN.01.IN.03" x-ms-arm-request-tracking-id="a9007d4d-d45a-4287-aaf4-70ed1529e45d" x-ms-correlation-request-id="a711c0ad-91cf-465f-b724-c6fa73b5134b" x-ms-routing-request-id="GERMANYWESTCENTRAL:20221013T165739Z:a9007d4d-d45a-4287-aaf4-70ed1529e45d" x-ms-home-tenant-id="61e835a7-7fa2-4c0f-b63a-4940811d99f9" x-ms-client-ip-address="188.22.57.144" x-ms-client-audience="https://management.core.windows.net/" x-ms-client-scope="user_impersonation" x-ms-client-acr="1" x-ms-client-app-id="c44b4083-3bb0-49c1-b47d-974e53cbdf3c" x-ms-client-app-id-acr="2" x-ms-client-tenant-id="61e835a7-7fa2-4c0f-b63a-4940811d99f9" x-ms-client-issuer="https://sts.windows.net/61e835a7-7fa2-4c0f-b63a-4940811d99f9/" x-ms-client-object-id="ad7307f2-e702-4218-ac82-7d3bfd2088c6" x-ms-client-puid="000340011DA2933A" x-ms-client-alt-sec-id="1:live.com:000340011DA2933A" x-ms-client-principal-id="000340011DA2933A" x-ms-client-authorization-source="Legacy" x-ms-client-identity-provider="live.com" x-ms-client-wids="62e90394-69f5-4237-9190-012177145e10" x-ms-client-authentication-methods="pwd" x-ms-client-principal-group-membership-source="Token" x-ms-client-family-name-encoded="S8O8Z2xlcg==" x-ms-client-given-name-encoded="TWFydGlu" x-ms-arm-network-source="PublicNetwork" x-ms-via-extensions-route="true" x-ms-geo-location="Central US" x-ms-version="20140301" x-ms-request-id="045ef4b0-93be-4c0e-ab96-683465d5491a" CLIENT-IP="13.89.171.0:12806" X-ARR-LOG-ID="045ef4b0-93be-4c0e-ab96-683465d5491a" X-Client-IP="13.89.171.0" X-SITE-DEPLOYMENT-ID="lueckentext" WAS-DEFAULT-HOSTNAME="lueckentext.scm.azurewebsites.net" X-Forwarded-Proto="https" X-AppService-Proto="https" X-Forwarded-TlsVersion="1.2" X-WAWS-Unencoded-URL="/api/logstreamV2/?max=50&amp;nextToken=eyJGaWxlSWQiOjYzODAxMjc2ODQzMzkxNzI5OCwiUG9zaXRpb24iOjU2NjF9&amp;api-version=2016-09-01" X-Client-Port="12806" >
  <step title="LogStreamHandlerMiddlewareV2.Invoke" date="2022-10-13T16:57:39.608" >
    <step title="LogStreamV2: logFileName: /appsvctmp/volatile/logs/runtime/V2/e2a7abcd3848fa42bb7d9a1d9c662680baf86f65f1e5cf5e84f9afd0d6452934.log" date="2022-10-13T16:57:39.612" /><!-- duration: 3ms -->
    <step title="LogStreamV2: FileInfo: 10/13/2022 16:46:22" date="2022-10-13T16:57:39.618" /><!-- duration: 3ms -->
    <step title="LogStreamV2: logFileName: /appsvctmp/volatile/logs/runtime/V2/e387bc13ed8e73a7ffaa4b7ac24f2793b5ab97c91ce0538003c4e7f95845895b.log" date="2022-10-13T16:57:39.629" /><!-- duration: 3ms -->
    <step title="LogStreamV2: FileInfo: 10/13/2022 16:45:28" date="2022-10-13T16:57:39.637" /><!-- duration: 3ms -->
    <step title="LogStreamV2: logFileName: /appsvctmp/volatile/logs/runtime/V2/f487374453014182e379e80b31c5af18778dc2c67d0aa53afd879dc6e59f151b.log" date="2022-10-13T16:57:39.642" /><!-- duration: 3ms -->
    <step title="LogStreamV2: FileInfo: 10/13/2022 16:50:24" date="2022-10-13T16:57:39.649" /><!-- duration: 5ms -->
    <step title="LogStreamV2: logFileName: /appsvctmp/volatile/logs/runtime/V2/74de7a3a81154c4548b24a1e621661a8f5115179d96196265b42634f7b9a924f.log" date="2022-10-13T16:57:39.658" /><!-- duration: 3ms -->
    <step title="LogStreamV2: FileInfo: 10/13/2022 16:45:00" date="2022-10-13T16:57:39.664" /><!-- duration: 4ms -->
    <step title="LogStreamV2: logFileName: /appsvctmp/volatile/logs/runtime/V2/7f7694f3449ef557f352881cc8e4b4c6ecfd107bf29d6402b449198549fc0730.log" date="2022-10-13T16:57:39.674" /><!-- duration: 3ms -->
    <step title="LogStreamV2: FileInfo: 10/13/2022 16:41:42" date="2022-10-13T16:57:39.680" /><!-- duration: 4ms -->
    <step title="LogStreamV2: logFileName: /appsvctmp/volatile/logs/runtime/V2/b62253f089c3fe24dbe5e6d903c05943f5f77b13ba2fdab7254f8e229ebdff7b.log" date="2022-10-13T16:57:39.687" /><!-- duration: 2ms -->
    <step title="LogStreamV2: FileInfo: 10/13/2022 16:45:07" date="2022-10-13T16:57:39.692" /><!-- duration: 4ms -->
    <step title="LogStreamV2: logFileName: /appsvctmp/volatile/logs/runtime/V2/4a8884cdc250351f79f067ad721ba78ed9af798e51fee9a2c7dcafd8905a83e0.log" date="2022-10-13T16:57:39.700" /><!-- duration: 3ms -->
    <step title="LogStreamV2: FileInfo: 10/13/2022 16:41:40" date="2022-10-13T16:57:39.707" /><!-- duration: 5ms -->
    <step title="LogStreamV2: logFileName: /appsvctmp/volatile/logs/runtime/V2/6e449338657074ba8538b197790a84ba0033e90d0cc79a2a59b5068de96f06b9.log" date="2022-10-13T16:57:39.714" /><!-- duration: 4ms -->
    <step title="LogStreamV2: FileInfo: 10/13/2022 16:54:03" date="2022-10-13T16:57:39.722" /><!-- duration: 3ms -->
    <step title="LogStreamV2: logFileName: /appsvctmp/volatile/logs/runtime/V2/1f6dcfceccc72258eb6ecc36745cf6c308001e3dfabd2c9ab439f97ab876ecee.log" date="2022-10-13T16:57:39.728" /><!-- duration: 4ms -->
    <step title="LogStreamV2: FileInfo: 10/13/2022 16:46:27" date="2022-10-13T16:57:39.737" /><!-- duration: 3ms -->
  </step><!-- duration: 141ms -->
  <step title="Outgoing response" date="2022-10-13T16:57:39.752" type="response" statusCode="200" statusText="OK" /><!-- duration: 3ms -->
</step><!-- duration: 159ms -->
