<step title="BackgroundTrace" date="2022-10-13T17:06:38.258" instance="96a2d5" url="/api/zipdeploy" method="POST" >
  <step title="Creating temporary deployment - FetchDeploymentManager" date="2022-10-13T17:06:38.308" /><!-- duration: 4ms -->
  <step title="Creating temporary deployment" date="2022-10-13T17:06:38.316" /><!-- duration: 36ms -->
  <step title="Performing fetch based deployment" date="2022-10-13T17:06:38.379" >
    <step title="Cleaning up temp folders from previous zip deployments and extracting pushed zip file /tmp/zipdeploy/1fd52083-134b-49ab-a596-954857bd006d.zip (2.35 MB) to /tmp/zipdeploy/extracted" date="2022-10-13T17:06:39.497" /><!-- duration: 131ms -->
    <step title="Before sending BuildRequestReceived status to /api/updatedeploystatus" date="2022-10-13T17:06:41.633" /><!-- duration: 4ms -->
    <step title=" PostAsync - Trying to send BuildRequestReceived deployment status to /api/app/updatedeploystatus. DeploymentId is a6904b34-3245-495b-abf4-afc63c0361ca" date="2022-10-13T17:06:41.640" /><!-- duration: 8ms -->
    <step title=" PostAsync - Trying to send BuildInProgress deployment status to /api/app/updatedeploystatus. DeploymentId is a6904b34-3245-495b-abf4-afc63c0361ca" date="2022-10-13T17:06:41.886" /><!-- duration: 2ms -->
    <step title="DeploymentManager.Deploy(id:a6904b34-3245-495b-abf4-afc63c0361ca)" date="2022-10-13T17:06:42.023" >
      <step title="Collecting changeset information" date="2022-10-13T17:06:42.037" /><!-- duration: 106ms -->
      <step title="Updating submodules" date="2022-10-13T17:06:42.150" /><!-- duration: 1341ms -->
      <step title="Determining deployment builder" date="2022-10-13T17:06:43.690" >
        <step title="Builder is OryxBuilder" date="2022-10-13T17:06:43.696" /><!-- duration: 3ms -->
      </step><!-- duration: 14ms -->
      <step title="PreDeployment: context.CleanOutputPath False" date="2022-10-13T17:06:43.741" >
        <step title="PreDeployment: context.OutputPath /home/site/wwwroot" date="2022-10-13T17:06:43.828" >
          <step title="Building" date="2022-10-13T17:06:43.922" >
            <step title="Executing external process" date="2022-10-13T17:06:44.551" type="process" path="bash" arguments="-c &quot;oryx build /tmp/zipdeploy/extracted -o /home/site/wwwroot --platform python --platform-version 3.10 -p virtualenv_name=antenv --log-file /tmp/build-debug.log  -i /tmp/8daad3d4dd9d4d1 --compress-destination-dir | tee /tmp/oryx-build.log ; exit $PIPESTATUS &quot;" /><!-- duration: 15504ms -->
            <step title="Using PythonDeploymentLogParser" date="2022-10-13T17:07:00.384" /><!-- duration: 4ms -->
            <step title="Triggering recycle (preview mode disabled)." date="2022-10-13T17:07:01.195" /><!-- duration: 5ms -->
            <step title="Modified file to trigger a restart of the app container." date="2022-10-13T17:07:01.225" /><!-- duration: 4ms -->
            <step title="Skip function trigger and logicapp sync because function is not enabled." date="2022-10-13T17:07:01.232" /><!-- duration: 4ms -->
          </step><!-- duration: 17941ms -->
        </step><!-- duration: 18038ms -->
        <step title="Cleaning up temp files" date="2022-10-13T17:07:01.869" /><!-- duration: 143ms -->
        <step title="Cleaning up temp files" date="2022-10-13T17:07:02.017" /><!-- duration: 504ms -->
        <step title="Reloading status file with latest updates" date="2022-10-13T17:07:02.578" >
          <step title="WebHooksManager.PublishEventAsync: PostDeployment" date="2022-10-13T17:07:02.591" /><!-- duration: 17ms -->
        </step><!-- duration: 36ms -->
        <step title=" PostAsync - Trying to send BuildSuccessful deployment status to /api/app/updatedeploystatus. DeploymentId is a6904b34-3245-495b-abf4-afc63c0361ca" date="2022-10-13T17:07:02.619" /><!-- duration: 2ms -->
        <step title="Begin HttpPost https://lueckentext.scm.azurewebsites.net/api/app/updatedeploystatus, x-ms-request-id: 00000000-0000-0000-0000-000000000000" date="2022-10-13T17:07:02.645" /><!-- duration: 2ms -->
        <step title="End HttpPost, status: OK" date="2022-10-13T17:07:02.697" /><!-- duration: 4ms -->
        <step title="Cleaning up temporary deployment - fetch deployment was successful" date="2022-10-13T17:07:02.705" /><!-- duration: 4ms -->
      </step><!-- duration: 19004ms -->
    </step><!-- duration: 20735ms -->
