<step title="BackgroundTrace" date="2022-10-13T16:41:04.494" instance="96a2d5" url="/api/zipdeploy" method="POST" >
  <step title="Creating temporary deployment - FetchDeploymentManager" date="2022-10-13T16:41:04.666" /><!-- duration: 15ms -->
  <step title="Creating temporary deployment" date="2022-10-13T16:41:04.703" /><!-- duration: 132ms -->
  <step title="Performing fetch based deployment" date="2022-10-13T16:41:04.936" >
    <step title="Cleaning up temp folders from previous zip deployments and extracting pushed zip file /tmp/zipdeploy/063d15bc-55b7-4532-acf0-7db295582f1d.zip (2.33 MB) to /tmp/zipdeploy/extracted" date="2022-10-13T16:41:06.130" /><!-- duration: 5539ms -->
    <step title="Before sending BuildRequestReceived status to /api/updatedeploystatus" date="2022-10-13T16:41:13.695" /><!-- duration: 20ms -->
    <step title=" PostAsync - Trying to send BuildRequestReceived deployment status to /api/app/updatedeploystatus. DeploymentId is f5ae4dd7-f255-467f-a437-a2439f7bd703" date="2022-10-13T16:41:13.733" /><!-- duration: 8ms -->
    <step title=" PostAsync - Trying to send BuildInProgress deployment status to /api/app/updatedeploystatus. DeploymentId is f5ae4dd7-f255-467f-a437-a2439f7bd703" date="2022-10-13T16:41:14.494" /><!-- duration: 3ms -->
    <step title="DeploymentManager.Deploy(id:f5ae4dd7-f255-467f-a437-a2439f7bd703)" date="2022-10-13T16:41:14.576" >
      <step title="Collecting changeset information" date="2022-10-13T16:41:14.589" /><!-- duration: 102ms -->
      <step title="Updating submodules" date="2022-10-13T16:41:14.699" /><!-- duration: 1161ms -->
      <step title="Determining deployment builder" date="2022-10-13T16:41:16.096" >
        <step title="Builder is OryxBuilder" date="2022-10-13T16:41:16.104" /><!-- duration: 6ms -->
      </step><!-- duration: 20ms -->
      <step title="PreDeployment: context.CleanOutputPath False" date="2022-10-13T16:41:16.157" >
        <step title="PreDeployment: context.OutputPath /home/site/wwwroot" date="2022-10-13T16:41:16.375" >
          <step title="Building" date="2022-10-13T16:41:16.620" >
            <step title="Executing external process" date="2022-10-13T16:41:16.860" type="process" path="bash" arguments="-c &quot;oryx build /tmp/zipdeploy/extracted -o /home/site/wwwroot --platform python --platform-version 3.10 -p virtualenv_name=antenv --log-file /tmp/build-debug.log  -i /tmp/8daad39bf56c2d1 --compress-destination-dir | tee /tmp/oryx-build.log ; exit $PIPESTATUS &quot;" /><!-- duration: 53170ms -->
            <step title="Using PythonDeploymentLogParser" date="2022-10-13T16:42:10.370" /><!-- duration: 5ms -->
            <step title="Triggering recycle (preview mode disabled)." date="2022-10-13T16:42:11.329" /><!-- duration: 6ms -->
            <step title="Modified file to trigger a restart of the app container." date="2022-10-13T16:42:11.366" /><!-- duration: 4ms -->
            <step title="Skip function trigger and logicapp sync because function is not enabled." date="2022-10-13T16:42:11.375" /><!-- duration: 5ms -->
          </step><!-- duration: 55428ms -->
        </step><!-- duration: 55676ms -->
        <step title="Cleaning up temp files" date="2022-10-13T16:42:12.057" /><!-- duration: 164ms -->
        <step title="Cleaning up temp files" date="2022-10-13T16:42:12.228" /><!-- duration: 506ms -->
        <step title="Reloading status file with latest updates" date="2022-10-13T16:42:12.759" >
          <step title="WebHooksManager.PublishEventAsync: PostDeployment" date="2022-10-13T16:42:12.762" /><!-- duration: 57ms -->
        </step><!-- duration: 62ms -->
        <step title=" PostAsync - Trying to send BuildSuccessful deployment status to /api/app/updatedeploystatus. DeploymentId is f5ae4dd7-f255-467f-a437-a2439f7bd703" date="2022-10-13T16:42:12.825" /><!-- duration: 4ms -->
        <step title="Begin HttpPost https://lueckentext.scm.azurewebsites.net/api/app/updatedeploystatus, x-ms-request-id: 00000000-0000-0000-0000-000000000000" date="2022-10-13T16:42:12.840" /><!-- duration: 3ms -->
        <step title="End HttpPost, status: OK" date="2022-10-13T16:42:12.898" /><!-- duration: 4ms -->
        <step title="Cleaning up temporary deployment - fetch deployment was successful" date="2022-10-13T16:42:12.905" /><!-- duration: 2ms -->
      </step><!-- duration: 56781ms -->
    </step><!-- duration: 58374ms -->
