<step title="Incoming Request" date="2022-10-13T17:01:15.558" instance="96a2d5" url="/api/logstreamV2/?max=50&amp;nextToken=eyJGaWxlSWQiOjYzODAxMjc3MjI0NjI1NzY3NCwiUG9zaXRpb24iOjU2NjF9&amp;api-version=2016-09-01" method="GET" type="request" pid="77,1,22" Accept-Encoding="gzip, deflate" Accept-Language="en" Authorization="PoP..." Cookie="ARRAffinity=96a2d51f904efa7c927688614d3012fe9385088e413ae5e2dc360b9b5561fe4f" Host="lueckentext.scm.azurewebsites.net" Referer="https://management.azure.com/subscriptions/3fc45b6d-8783-44dd-9e80-f4d87d1a1699/resourceGroups/martin.kuegler_rg_1529/providers/Microsoft.Web/sites/lueckentext/instances/96a2d51f904efa7c927688614d3012fe9385088e413ae5e2dc360b9b5561fe4f/logs/live?max=50&amp;nextToken=eyJGaWxlSWQiOjYzODAxMjc3MjI0NjI1NzY3NCwiUG9zaXRpb24iOjU2NjF9&amp;api-version=2016-09-01" traceparent="00-189d1fe1874fbafe391f2d7a950bea87-94eaa519790e7074-01" x-ms-command-name="WebsitesExtension.getLiveLogs" x-ms-client-session-id="4433ba000e934df09356dcdebe1a9308" x-ms-client-request-id="d45368f5-01e6-48c6-b3f3-053e76c14071" x-ms-client-location="germanywestcentral" x-ms-arm-service-request-id="20fc21d3-d8aa-44f2-a736-8100f4dbe0c0" x-ms-activity-vector="IN.01.IN.03" x-ms-arm-request-tracking-id="195d29fc-9152-491b-abaa-a3a240d3b03e" x-ms-correlation-request-id="3860210d-4977-4a36-baa0-6d97222957b6" x-ms-routing-request-id="GERMANYWESTCENTRAL:20221013T170115Z:195d29fc-9152-491b-abaa-a3a240d3b03e" x-ms-home-tenant-id="61e835a7-7fa2-4c0f-b63a-4940811d99f9" x-ms-client-ip-address="188.22.57.144" x-ms-client-audience="https://management.core.windows.net/" x-ms-client-scope="user_impersonation" x-ms-client-acr="1" x-ms-client-app-id="c44b4083-3bb0-49c1-b47d-974e53cbdf3c" x-ms-client-app-id-acr="2" x-ms-client-tenant-id="61e835a7-7fa2-4c0f-b63a-4940811d99f9" x-ms-client-issuer="https://sts.windows.net/61e835a7-7fa2-4c0f-b63a-4940811d99f9/" x-ms-client-object-id="ad7307f2-e702-4218-ac82-7d3bfd2088c6" x-ms-client-puid="000340011DA2933A" x-ms-client-alt-sec-id="1:live.com:000340011DA2933A" x-ms-client-principal-id="000340011DA2933A" x-ms-client-authorization-source="Legacy" x-ms-client-identity-provider="live.com" x-ms-client-wids="62e90394-69f5-4237-9190-012177145e10" x-ms-client-authentication-methods="pwd" x-ms-client-principal-group-membership-source="Token" x-ms-client-family-name-encoded="S8O8Z2xlcg==" x-ms-client-given-name-encoded="TWFydGlu" x-ms-arm-network-source="PublicNetwork" x-ms-via-extensions-route="true" x-ms-geo-location="Central US" x-ms-version="20140301" x-ms-request-id="977c2aaf-c32a-4869-b6e5-12fdcf945fe2" CLIENT-IP="13.89.171.0:8961" X-ARR-LOG-ID="977c2aaf-c32a-4869-b6e5-12fdcf945fe2" X-Client-IP="13.89.171.0" X-SITE-DEPLOYMENT-ID="lueckentext" WAS-DEFAULT-HOSTNAME="lueckentext.scm.azurewebsites.net" X-Forwarded-Proto="https" X-AppService-Proto="https" X-Forwarded-TlsVersion="1.2" X-WAWS-Unencoded-URL="/api/logstreamV2/?max=50&amp;nextToken=eyJGaWxlSWQiOjYzODAxMjc3MjI0NjI1NzY3NCwiUG9zaXRpb24iOjU2NjF9&amp;api-version=2016-09-01" X-Client-Port="8961" >
  <step title="Cleanup Xml Logs" date="2022-10-13T17:01:15.562" /><!-- duration: 7ms -->
  <step title="LogStreamHandlerMiddlewareV2.Invoke" date="2022-10-13T17:01:15.571" >
    <step title="LogStreamV2: logFileName: /appsvctmp/volatile/logs/runtime/V2/e2a7abcd3848fa42bb7d9a1d9c662680baf86f65f1e5cf5e84f9afd0d6452934.log" date="2022-10-13T17:01:15.577" /><!-- duration: 3ms -->
    <step title="LogStreamV2: FileInfo: 10/13/2022 16:46:22" date="2022-10-13T17:01:15.583" /><!-- duration: 6ms -->
    <step title="LogStreamV2: logFileName: /appsvctmp/volatile/logs/runtime/V2/ec052f37ce0c3478537a73560c58ebac266e3db8abb7b5898c61e19352b16b4e.log" date="2022-10-13T17:01:15.593" /><!-- duration: 3ms -->
    <step title="LogStreamV2: FileInfo: 10/13/2022 17:00:24" date="2022-10-13T17:01:15.600" /><!-- duration: 4ms -->
    <step title="LogStreamV2: logFileName: /appsvctmp/volatile/logs/runtime/V2/e387bc13ed8e73a7ffaa4b7ac24f2793b5ab97c91ce0538003c4e7f95845895b.log" date="2022-10-13T17:01:15.606" /><!-- duration: 4ms -->
    <step title="LogStreamV2: FileInfo: 10/13/2022 16:45:28" date="2022-10-13T17:01:15.613" /><!-- duration: 3ms -->
    <step title="LogStreamV2: logFileName: /appsvctmp/volatile/logs/runtime/V2/f487374453014182e379e80b31c5af18778dc2c67d0aa53afd879dc6e59f151b.log" date="2022-10-13T17:01:15.619" /><!-- duration: 4ms -->
    <step title="LogStreamV2: FileInfo: 10/13/2022 16:50:24" date="2022-10-13T17:01:15.627" /><!-- duration: 3ms -->
    <step title="LogStreamV2: logFileName: /appsvctmp/volatile/logs/runtime/V2/74de7a3a81154c4548b24a1e621661a8f5115179d96196265b42634f7b9a924f.log" date="2022-10-13T17:01:15.632" /><!-- duration: 3ms -->
    <step title="LogStreamV2: FileInfo: 10/13/2022 16:45:00" date="2022-10-13T17:01:15.638" /><!-- duration: 4ms -->
    <step title="LogStreamV2: logFileName: /appsvctmp/volatile/logs/runtime/V2/7f7694f3449ef557f352881cc8e4b4c6ecfd107bf29d6402b449198549fc0730.log" date="2022-10-13T17:01:15.647" /><!-- duration: 3ms -->
    <step title="LogStreamV2: FileInfo: 10/13/2022 16:41:42" date="2022-10-13T17:01:15.653" /><!-- duration: 3ms -->
    <step title="LogStreamV2: logFileName: /appsvctmp/volatile/logs/runtime/V2/b62253f089c3fe24dbe5e6d903c05943f5f77b13ba2fdab7254f8e229ebdff7b.log" date="2022-10-13T17:01:15.659" /><!-- duration: 3ms -->
    <step title="LogStreamV2: FileInfo: 10/13/2022 16:45:07" date="2022-10-13T17:01:15.665" /><!-- duration: 5ms -->
    <step title="LogStreamV2: logFileName: /appsvctmp/volatile/logs/runtime/V2/4a8884cdc250351f79f067ad721ba78ed9af798e51fee9a2c7dcafd8905a83e0.log" date="2022-10-13T17:01:15.674" /><!-- duration: 3ms -->
    <step title="LogStreamV2: FileInfo: 10/13/2022 16:41:40" date="2022-10-13T17:01:15.680" /><!-- duration: 3ms -->
    <step title="LogStreamV2: logFileName: /appsvctmp/volatile/logs/runtime/V2/6e449338657074ba8538b197790a84ba0033e90d0cc79a2a59b5068de96f06b9.log" date="2022-10-13T17:01:15.686" /><!-- duration: 3ms -->
    <step title="LogStreamV2: FileInfo: 10/13/2022 16:54:03" date="2022-10-13T17:01:15.692" /><!-- duration: 11ms -->
    <step title="LogStreamV2: logFileName: /appsvctmp/volatile/logs/runtime/V2/1f6dcfceccc72258eb6ecc36745cf6c308001e3dfabd2c9ab439f97ab876ecee.log" date="2022-10-13T17:01:15.707" /><!-- duration: 3ms -->
    <step title="LogStreamV2: FileInfo: 10/13/2022 16:46:27" date="2022-10-13T17:01:15.713" /><!-- duration: 4ms -->
  </step><!-- duration: 149ms -->
  <step title="Outgoing response" date="2022-10-13T17:01:15.725" type="response" statusCode="200" statusText="OK" /><!-- duration: 4ms -->
</step><!-- duration: 177ms -->
