<step title="Incoming Request" date="2022-10-13T16:58:03.754" instance="96a2d5" url="/api/logstreamV2/?max=50&amp;nextToken=eyJGaWxlSWQiOjYzODAxMjc2ODQzMzkxNzI5OCwiUG9zaXRpb24iOjU2NjF9&amp;api-version=2016-09-01" method="GET" type="request" pid="77,1,25" Accept-Encoding="gzip, deflate" Accept-Language="en" Authorization="PoP..." Cookie="ARRAffinity=96a2d51f904efa7c927688614d3012fe9385088e413ae5e2dc360b9b5561fe4f" Host="lueckentext.scm.azurewebsites.net" Referer="https://management.azure.com/subscriptions/3fc45b6d-8783-44dd-9e80-f4d87d1a1699/resourceGroups/martin.kuegler_rg_1529/providers/Microsoft.Web/sites/lueckentext/instances/96a2d51f904efa7c927688614d3012fe9385088e413ae5e2dc360b9b5561fe4f/logs/live?max=50&amp;nextToken=eyJGaWxlSWQiOjYzODAxMjc2ODQzMzkxNzI5OCwiUG9zaXRpb24iOjU2NjF9&amp;api-version=2016-09-01" traceparent="00-5f305057c443aea0a039b64be1b21f72-26d4ce0e4c2c9617-01" x-ms-command-name="WebsitesExtension.getLiveLogs" x-ms-client-session-id="e39c5f5e2d6544aaa5de40cdba9c36d6" x-ms-client-request-id="23dbe651-ee9d-4136-b83f-bfd44f96f032" x-ms-client-location="germanywestcentral" x-ms-arm-service-request-id="01d9e9e1-53d7-47f1-abee-74cd51f6d3db" x-ms-activity-vector="IN.01.IN.03" x-ms-arm-request-tracking-id="cf664767-29cd-4fec-9799-d3ef930feb98" x-ms-correlation-request-id="4560bdb6-04c6-40c6-918b-90cad05afa5b" x-ms-routing-request-id="GERMANYWESTCENTRAL:20221013T165803Z:cf664767-29cd-4fec-9799-d3ef930feb98" x-ms-home-tenant-id="61e835a7-7fa2-4c0f-b63a-4940811d99f9" x-ms-client-ip-address="188.22.57.144" x-ms-client-audience="https://management.core.windows.net/" x-ms-client-scope="user_impersonation" x-ms-client-acr="1" x-ms-client-app-id="c44b4083-3bb0-49c1-b47d-974e53cbdf3c" x-ms-client-app-id-acr="2" x-ms-client-tenant-id="61e835a7-7fa2-4c0f-b63a-4940811d99f9" x-ms-client-issuer="https://sts.windows.net/61e835a7-7fa2-4c0f-b63a-4940811d99f9/" x-ms-client-object-id="ad7307f2-e702-4218-ac82-7d3bfd2088c6" x-ms-client-puid="000340011DA2933A" x-ms-client-alt-sec-id="1:live.com:000340011DA2933A" x-ms-client-principal-id="000340011DA2933A" x-ms-client-authorization-source="Legacy" x-ms-client-identity-provider="live.com" x-ms-client-wids="62e90394-69f5-4237-9190-012177145e10" x-ms-client-authentication-methods="pwd" x-ms-client-principal-group-membership-source="Token" x-ms-client-family-name-encoded="S8O8Z2xlcg==" x-ms-client-given-name-encoded="TWFydGlu" x-ms-arm-network-source="PublicNetwork" x-ms-via-extensions-route="true" x-ms-geo-location="Central US" x-ms-version="20140301" x-ms-request-id="4dcf250b-7727-4fc5-aa3c-0512c1635d7f" CLIENT-IP="13.89.171.0:14022" X-ARR-LOG-ID="4dcf250b-7727-4fc5-aa3c-0512c1635d7f" X-Client-IP="13.89.171.0" X-SITE-DEPLOYMENT-ID="lueckentext" WAS-DEFAULT-HOSTNAME="lueckentext.scm.azurewebsites.net" X-Forwarded-Proto="https" X-AppService-Proto="https" X-Forwarded-TlsVersion="1.2" X-WAWS-Unencoded-URL="/api/logstreamV2/?max=50&amp;nextToken=eyJGaWxlSWQiOjYzODAxMjc2ODQzMzkxNzI5OCwiUG9zaXRpb24iOjU2NjF9&amp;api-version=2016-09-01" X-Client-Port="14022" >
  <step title="LogStreamHandlerMiddlewareV2.Invoke" date="2022-10-13T16:58:03.779" >
    <step title="LogStreamV2: logFileName: /appsvctmp/volatile/logs/runtime/V2/e2a7abcd3848fa42bb7d9a1d9c662680baf86f65f1e5cf5e84f9afd0d6452934.log" date="2022-10-13T16:58:03.785" /><!-- duration: 4ms -->
    <step title="LogStreamV2: FileInfo: 10/13/2022 16:46:22" date="2022-10-13T16:58:03.792" /><!-- duration: 3ms -->
    <step title="LogStreamV2: logFileName: /appsvctmp/volatile/logs/runtime/V2/e387bc13ed8e73a7ffaa4b7ac24f2793b5ab97c91ce0538003c4e7f95845895b.log" date="2022-10-13T16:58:03.797" /><!-- duration: 4ms -->
    <step title="LogStreamV2: FileInfo: 10/13/2022 16:45:28" date="2022-10-13T16:58:03.805" /><!-- duration: 3ms -->
    <step title="LogStreamV2: logFileName: /appsvctmp/volatile/logs/runtime/V2/f487374453014182e379e80b31c5af18778dc2c67d0aa53afd879dc6e59f151b.log" date="2022-10-13T16:58:03.812" /><!-- duration: 3ms -->
    <step title="LogStreamV2: FileInfo: 10/13/2022 16:50:24" date="2022-10-13T16:58:03.821" /><!-- duration: 6ms -->
    <step title="LogStreamV2: logFileName: /appsvctmp/volatile/logs/runtime/V2/74de7a3a81154c4548b24a1e621661a8f5115179d96196265b42634f7b9a924f.log" date="2022-10-13T16:58:03.831" /><!-- duration: 4ms -->
    <step title="LogStreamV2: FileInfo: 10/13/2022 16:45:00" date="2022-10-13T16:58:03.839" /><!-- duration: 3ms -->
    <step title="LogStreamV2: logFileName: /appsvctmp/volatile/logs/runtime/V2/7f7694f3449ef557f352881cc8e4b4c6ecfd107bf29d6402b449198549fc0730.log" date="2022-10-13T16:58:03.844" /><!-- duration: 3ms -->
    <step title="LogStreamV2: FileInfo: 10/13/2022 16:41:42" date="2022-10-13T16:58:03.850" /><!-- duration: 3ms -->
    <step title="LogStreamV2: logFileName: /appsvctmp/volatile/logs/runtime/V2/b62253f089c3fe24dbe5e6d903c05943f5f77b13ba2fdab7254f8e229ebdff7b.log" date="2022-10-13T16:58:03.856" /><!-- duration: 3ms -->
    <step title="LogStreamV2: FileInfo: 10/13/2022 16:45:07" date="2022-10-13T16:58:03.863" /><!-- duration: 2ms -->
    <step title="LogStreamV2: logFileName: /appsvctmp/volatile/logs/runtime/V2/4a8884cdc250351f79f067ad721ba78ed9af798e51fee9a2c7dcafd8905a83e0.log" date="2022-10-13T16:58:03.868" /><!-- duration: 7ms -->
    <step title="LogStreamV2: FileInfo: 10/13/2022 16:41:40" date="2022-10-13T16:58:03.878" /><!-- duration: 4ms -->
    <step title="LogStreamV2: logFileName: /appsvctmp/volatile/logs/runtime/V2/6e449338657074ba8538b197790a84ba0033e90d0cc79a2a59b5068de96f06b9.log" date="2022-10-13T16:58:03.886" /><!-- duration: 3ms -->
    <step title="LogStreamV2: FileInfo: 10/13/2022 16:54:03" date="2022-10-13T16:58:03.895" /><!-- duration: 3ms -->
    <step title="LogStreamV2: logFileName: /appsvctmp/volatile/logs/runtime/V2/1f6dcfceccc72258eb6ecc36745cf6c308001e3dfabd2c9ab439f97ab876ecee.log" date="2022-10-13T16:58:03.901" /><!-- duration: 3ms -->
    <step title="LogStreamV2: FileInfo: 10/13/2022 16:46:27" date="2022-10-13T16:58:03.908" /><!-- duration: 6ms -->
  </step><!-- duration: 143ms -->
  <step title="Outgoing response" date="2022-10-13T16:58:03.925" type="response" statusCode="200" statusText="OK" /><!-- duration: 4ms -->
</step><!-- duration: 178ms -->
