﻿<?xml version="1.0" encoding="utf-8"?>
<deployment>
  <id>74dd8bc6-220d-401a-997f-08aea9522e91</id>
  <author>N/A</author>
  <deployer>Push-Deployer</deployer>
  <authorEmail>N/A</authorEmail>
  <message>Created via a push deployment</message>
  <progress></progress>
  <status>Success</status>
  <statusText></statusText>
  <lastSuccessEndTime>2022-10-13T16:52:27.7627824Z</lastSuccessEndTime>
  <receivedTime>2022-10-13T16:51:53.6113486Z</receivedTime>
  <startTime>2022-10-13T16:51:54.9763701Z</startTime>
  <endTime>2022-10-13T16:52:27.7627824Z</endTime>
  <complete>True</complete>
  <is_temp>False</is_temp>
  <is_readonly>True</is_readonly>
  <buildSummary />
</deployment>